entailment1,entailment2,entailment3,correlation,p-value
age_68,age_74,age_64,0.9977817811553027,0.042410913674224074
age_70,age_74,age_64,0.9977817811553027,0.042410913674224074
age_67,age_74,age_64,0.9977817811553027,0.042410913674224074
age_69,age_74,age_64,0.9977817811553027,0.042410913674224074
age_74,age_74,age_64,0.9977817811553027,0.042410913674224074
